{"cameraMode":{"drawMode":0,"name":"Shaded","section":"Shading Mode"},"sceneLighting":true,"audioPlay":false,"sceneViewState":{"m_AlwaysRefresh":false,"showFog":true,"showSkybox":true,"showFlares":true,"showImageEffects":true,"showParticleSystems":true,"showVisualEffectGraphs":true,"m_FxEnabled":true},"in2DMode":false,"pivot":{"x":0.04500000178813934,"y":1.770453929901123,"z":-0.11699999123811722},"rotation":{"x":0.08927658945322037,"y":0.007469979580491781,"z":-0.0006695870542898774,"w":0.995978593826294},"size":0.8741992115974426,"orthographic":true}